neighbourhood,eur_per_sqm_month,n_listings,source
Centro,96.00,112,seeded_cw_cbre_2024
Arganzuela,42.00,34,seeded_cw_cbre_2024
Retiro,52.00,27,seeded_cw_cbre_2024
Salamanca,88.00,54,seeded_cw_cbre_2024
Chamartin,58.00,41,seeded_cw_cbre_2024
Tetuan,38.00,32,seeded_cw_cbre_2024
Chamberi,64.00,38,seeded_cw_cbre_2024
Fuencarral-El Pardo,29.00,24,seeded_cw_cbre_2024
Moncloa-Aravaca,45.00,26,seeded_cw_cbre_2024
Latina,26.00,22,seeded_cw_cbre_2024
Carabanchel,23.00,26,seeded_cw_cbre_2024
Usera,24.00,17,seeded_cw_cbre_2024
Puente de Vallecas,21.00,20,seeded_cw_cbre_2024
Moratalaz,27.00,15,seeded_cw_cbre_2024
Ciudad Lineal,33.00,24,seeded_cw_cbre_2024
Hortaleza,36.00,22,seeded_cw_cbre_2024
Villaverde,19.00,13,seeded_cw_cbre_2024
Villa de Vallecas,22.00,16,seeded_cw_cbre_2024
Vicalvaro,20.00,12,seeded_cw_cbre_2024
San Blas-Canillejas,28.00,19,seeded_cw_cbre_2024
Barajas,31.00,11,seeded_cw_cbre_2024
