tract_code,municipality,lat,lon,area_km2,population,population_density,income_household,income_per_capita,pct_foreign,population_year,income_year
4701001002,Arroyo de la Encomienda,41.625583,-4.770114,0.17661,1978.0,11199.81880980692,35183.0,13901.0,6.599999999999994,2023.0,2023.0
4701001003,Arroyo de la Encomienda,41.620718,-4.772144,0.63904,2273.0,3556.897846770155,41136.0,15841.0,3.5,2023.0,2023.0
4701001004,Arroyo de la Encomienda,41.628254,-4.773163,0.16467,1730.0,10505.860205259001,39392.0,15628.0,4.900000000000006,2023.0,2023.0
4701001005,Arroyo de la Encomienda,41.61467,-4.782893,0.81408,2217.0,2723.319575471698,58920.0,20571.0,2.0,2023.0,2023.0
4701001006,Arroyo de la Encomienda,41.628661,-4.78289,2.03522,2653.0,1303.544579947131,44288.0,15656.0,2.5,2023.0,2023.0
4701001011,Arroyo de la Encomienda,41.619535,-4.787286,0.42189,990.0,2346.5832325961746,36767.0,15795.0,2.0999999999999943,2023.0,2023.0
4705201001,Cistérniga,41.584596,-4.650746,19.4812,1630.0,83.67041044699505,35062.0,14008.0,3.299999999999997,2023.0,2023.0
4705201002,Cistérniga,41.606968,-4.651588,8.1255,1496.0,184.11174696941725,45716.0,16801.0,2.4000000000000057,2023.0,2023.0
4705201003,Cistérniga,41.619344,-4.658798,1.92727,1853.0,961.4636247126765,38993.0,15136.0,2.700000000000003,2023.0,2023.0
4705201004,Cistérniga,41.614081,-4.688265,0.15045,1995.0,13260.219341974078,35662.0,14822.0,4.5,2023.0,2023.0
4705201005,Cistérniga,41.619581,-4.672851,1.64311,984.0,598.8643487045906,39268.0,15366.0,2.9000000000000057,2023.0,2023.0
4705201006,Cistérniga,41.612734,-4.691162,0.23835,1307.0,5483.532620096496,,,3.0999999999999943,2023.0,
4706601001,Fuensaldaña,41.709253,-4.75828,24.98464,2117.0,84.7320593772814,39530.0,15943.0,5.299999999999997,2023.0,2023.0
4707601007,Laguna de Duero,41.591475,-4.729989,0.82932,1282.0,1545.844788501423,49872.0,18444.0,1.7999999999999972,2023.0,2023.0
4707601010,Laguna de Duero,41.576226,-4.693639,13.29044,1081.0,81.33666003533367,43849.0,15686.0,3.5,2023.0,2023.0
4715501001,Santovenia de Pisuerga,41.693062,-4.692935,1.12889,1290.0,1142.7154107131785,34435.0,12997.0,3.9000000000000057,2023.0,2023.0
4715501002,Santovenia de Pisuerga,41.699664,-4.666274,12.6249,2069.0,163.88248619791048,34010.0,13509.0,5.5,2023.0,2023.0
4718601001,Valladolid,41.651664,-4.72864,0.11113,1336.0,12021.956267434536,52524.0,25578.0,7.299999999999997,2023.0,2023.0
4718601003,Valladolid,41.649648,-4.729045,0.07886,1013.0,12845.549074308901,63075.0,30934.0,5.400000000000006,2023.0,2023.0
4718601006,Valladolid,41.652015,-4.732505,0.09528,1449.0,15207.808564231738,61735.0,27971.0,2.9000000000000057,2023.0,2023.0
4718601007,Valladolid,41.649065,-4.731632,0.06146,570.0,9274.324764074194,54371.0,24792.0,1.4000000000000057,2021.0,2021.0
4718602001,Valladolid,41.64794,-4.727583,0.02779,767.0,27599.856063332136,58074.0,26376.0,12.599999999999994,2023.0,2023.0
4718602002,Valladolid,41.645952,-4.72932,0.1779,1022.0,5744.800449690837,59856.0,24609.0,7.5,2023.0,2023.0
4718602004,Valladolid,41.643361,-4.729424,0.07971,1018.0,12771.295947810813,49952.0,22610.0,2.9000000000000057,2023.0,2023.0
4718602005,Valladolid,41.643435,-4.733101,0.07672,1246.0,16240.87591240876,47453.0,23068.0,5.299999999999997,2023.0,2023.0
4718602006,Valladolid,41.642609,-4.735548,0.03569,923.0,25861.58587839731,44135.0,19899.0,6.700000000000003,2023.0,2023.0
4718602007,Valladolid,41.641336,-4.736253,0.02315,916.0,39568.03455723542,47150.0,20312.0,6.0,2023.0,2023.0
4718602008,Valladolid,41.646742,-4.732273,0.01856,1376.0,74137.93103448275,50743.0,21741.0,9.5,2023.0,2023.0
4718602009,Valladolid,41.647161,-4.732818,0.0132,615.0,46590.90909090909,40173.0,18094.0,4.5,2021.0,2021.0
4718602010,Valladolid,41.647941,-4.733712,0.04328,1111.0,25670.055452865065,51753.0,23303.0,4.0,2023.0,2023.0
4718602012,Valladolid,41.645137,-4.734563,0.02538,860.0,33884.9487785658,50374.0,23324.0,7.799999999999997,2023.0,2023.0
4718602013,Valladolid,41.645598,-4.735756,0.05684,962.0,16924.700914848698,50726.0,21801.0,4.200000000000003,2023.0,2023.0
4718602014,Valladolid,41.643806,-4.737952,0.07582,1216.0,16037.984700606701,44943.0,19420.0,5.599999999999994,2023.0,2023.0
4718602015,Valladolid,41.64195,-4.740415,0.09441,1208.0,12795.254739963988,33596.0,15734.0,5.700000000000003,2023.0,2023.0
4718602017,Valladolid,41.641107,-4.738543,0.01438,747.0,51947.1488178025,35249.0,16972.0,10.700000000000003,2023.0,2023.0
4718602019,Valladolid,41.641608,-4.731787,0.05991,995.0,16608.245701886164,35121.0,17364.0,6.299999999999997,2023.0,2023.0
4718603001,Valladolid,41.648586,-4.722868,0.0236,674.0,28559.322033898305,42751.0,20849.0,5.900000000000006,2023.0,2023.0
4718603002,Valladolid,41.646611,-4.72548,0.03186,876.0,27495.291902071564,57730.0,25324.0,5.099999999999994,2023.0,2023.0
4718603003,Valladolid,41.647113,-4.722573,0.02782,921.0,33105.67936736161,38584.0,19334.0,7.599999999999994,2023.0,2023.0
4718603004,Valladolid,41.647386,-4.721383,0.02564,915.0,35686.42745709828,34418.0,15786.0,7.900000000000006,2023.0,2023.0
4718603005,Valladolid,41.645052,-4.721619,0.02832,1299.0,45868.64406779661,32490.0,15489.0,15.299999999999997,2023.0,2023.0
4718603007,Valladolid,41.645275,-4.723,0.02585,709.0,27427.466150870405,37971.0,17961.0,13.0,2023.0,2023.0
4718603008,Valladolid,41.644769,-4.725096,0.07813,1395.0,17854.857289133495,59521.0,25645.0,3.700000000000003,2023.0,2023.0
4718603009,Valladolid,41.647837,-4.724496,0.02184,719.0,32921.245421245425,59188.0,25806.0,2.9000000000000057,2023.0,2023.0
4718604001,Valladolid,41.643571,-4.719758,0.04218,1242.0,29445.234708392603,31409.0,14433.0,7.299999999999997,2023.0,2023.0
4718604002,Valladolid,41.642889,-4.719632,0.02076,605.0,29142.581888246626,32152.0,15995.0,11.900000000000006,2023.0,2023.0
4718604003,Valladolid,41.641363,-4.719224,0.04115,1474.0,35820.17010935602,30439.0,13942.0,9.799999999999997,2023.0,2023.0
4718604004,Valladolid,41.64277,-4.717605,0.02685,1414.0,52662.94227188082,30715.0,13747.0,10.200000000000003,2023.0,2023.0
4718604005,Valladolid,41.643475,-4.714504,0.04387,1016.0,23159.33439708229,30349.0,12800.0,11.099999999999994,2023.0,2023.0
4718604006,Valladolid,41.6418,-4.715165,0.03098,1232.0,39767.59199483538,31204.0,14825.0,5.099999999999994,2023.0,2023.0
4718604007,Valladolid,41.640645,-4.716905,0.05122,1887.0,36841.07770402187,27182.0,12061.0,12.700000000000003,2023.0,2023.0
4718604008,Valladolid,41.637771,-4.718398,0.01347,716.0,53155.159613956945,31995.0,13880.0,7.0,2023.0,2023.0
4718604009,Valladolid,41.636201,-4.720101,0.02225,1002.0,45033.707865168544,26907.0,11120.0,14.900000000000006,2023.0,2023.0
4718604010,Valladolid,41.635405,-4.720082,0.01797,861.0,47913.18864774625,26875.0,11122.0,18.200000000000003,2023.0,2023.0
4718604011,Valladolid,41.633821,-4.720295,0.03724,1189.0,31928.034371643393,17450.0,5522.0,18.700000000000003,2023.0,2023.0
4718604012,Valladolid,41.638491,-4.720781,0.03734,905.0,24236.743438671667,29537.0,13597.0,10.5,2023.0,2023.0
4718604013,Valladolid,41.639058,-4.719779,0.01998,857.0,42892.89289289289,30316.0,13366.0,9.900000000000006,2023.0,2023.0
4718604014,Valladolid,41.639538,-4.72131,0.01702,722.0,42420.68155111633,28062.0,13468.0,12.599999999999994,2023.0,2023.0
4718604015,Valladolid,41.63863,-4.722442,0.02484,972.0,39130.434782608696,29069.0,12816.0,9.200000000000003,2023.0,2023.0
4718604016,Valladolid,41.636579,-4.722797,0.04103,1308.0,31879.1128442603,27740.0,12270.0,15.200000000000003,2023.0,2023.0
4718604017,Valladolid,41.638716,-4.724136,0.03832,1223.0,31915.44885177453,28879.0,12886.0,14.900000000000006,2023.0,2023.0
4718604018,Valladolid,41.637108,-4.724807,0.03414,1148.0,33626.24487404804,30095.0,13868.0,7.400000000000006,2023.0,2023.0
4718604020,Valladolid,41.635122,-4.724059,0.01377,1674.0,121568.62745098039,22904.0,9270.0,28.400000000000006,2023.0,2023.0
4718604021,Valladolid,41.634442,-4.722388,0.05317,1731.0,32555.95260485236,21496.0,8266.0,37.4,2023.0,2023.0
4718604023,Valladolid,41.634142,-4.724439,0.01035,800.0,77294.68599033817,20147.0,8275.0,22.599999999999994,2021.0,2021.0
4718604024,Valladolid,41.633189,-4.727003,0.12737,847.0,6649.917563005417,28861.0,13093.0,9.0,2023.0,2023.0
4718604025,Valladolid,41.63298,-4.72342,0.01265,889.0,70276.67984189723,24698.0,9659.0,24.200000000000003,2023.0,2023.0
4718604026,Valladolid,41.631861,-4.724559,0.02826,1254.0,44373.673036093416,30858.0,13786.0,9.099999999999994,2023.0,2023.0
4718604027,Valladolid,41.627899,-4.726002,0.046,1046.0,22739.130434782608,27735.0,12687.0,8.5,2023.0,2023.0
4718604028,Valladolid,41.631782,-4.722046,0.04888,1455.0,29766.775777414074,21475.0,8135.0,10.0,2023.0,2023.0
4718604029,Valladolid,41.629447,-4.724122,0.04001,595.0,14871.282179455138,29574.0,13183.0,6.5,2023.0,2023.0
4718604030,Valladolid,41.637324,-4.719427,0.02749,1164.0,42342.67006184067,30078.0,12345.0,14.900000000000006,2023.0,2023.0
4718604032,Valladolid,41.644903,-4.717009,0.03933,983.0,24993.64352911264,34831.0,15303.0,4.5,2023.0,2023.0
4718604033,Valladolid,41.632919,-4.724563,0.02255,789.0,34988.91352549889,26273.0,10522.0,22.599999999999994,2023.0,2023.0
4718604034,Valladolid,41.643224,-4.71614,0.02642,1059.0,40083.270249810754,28873.0,13029.0,9.200000000000003,2023.0,2023.0
4718604036,Valladolid,41.630379,-4.725498,0.05361,1082.0,20182.801716097743,29106.0,12428.0,9.5,2023.0,2023.0
4718604037,Valladolid,41.63993,-4.726153,0.48646,1315.0,2703.2027299264073,42482.0,18630.0,3.9000000000000057,2023.0,2023.0
4718604038,Valladolid,41.635336,-4.712124,0.93978,1782.0,1896.1884696418313,33385.0,13829.0,2.5999999999999943,2023.0,2023.0
4718604039,Valladolid,41.639041,-4.718019,0.03438,1181.0,34351.36707388016,34639.0,15461.0,2.799999999999997,2023.0,2023.0
4718604040,Valladolid,41.611422,-4.709078,9.65229,1146.0,118.72830178123533,35362.0,15137.0,6.299999999999997,2023.0,2023.0
4718604041,Valladolid,41.614641,-4.720117,0.84523,2760.0,3265.3833867704648,41165.0,16596.0,3.5,2023.0,2023.0
4718605001,Valladolid,41.652747,-4.72621,0.0514,1144.0,22256.8093385214,45735.0,22867.0,7.599999999999994,2023.0,2023.0
4718605002,Valladolid,41.650552,-4.72462,0.08797,1292.0,14686.825053995679,51935.0,23694.0,4.400000000000006,2023.0,2023.0
4718605004,Valladolid,41.649725,-4.722289,0.05417,739.0,13642.237400775337,46721.0,21574.0,4.900000000000006,2023.0,2023.0
4718605006,Valladolid,41.65239,-4.722938,0.06711,1554.0,23156.012516763523,46713.0,23357.0,5.299999999999997,2023.0,2023.0
4718605007,Valladolid,41.654063,-4.723315,0.03424,636.0,18574.766355140186,40961.0,20513.0,4.400000000000006,2021.0,2021.0
4718606001,Valladolid,41.647519,-4.719631,0.02065,916.0,44358.35351089588,41882.0,19384.0,6.200000000000003,2023.0,2023.0
4718606002,Valladolid,41.646586,-4.71839,0.01882,828.0,43995.74920297556,30899.0,15643.0,14.900000000000006,2023.0,2023.0
4718606003,Valladolid,41.645596,-4.718516,0.04402,1212.0,27532.9395729214,33677.0,17288.0,9.700000000000003,2023.0,2023.0
4718606005,Valladolid,41.646102,-4.714439,0.02704,973.0,35983.72781065088,34858.0,15789.0,7.400000000000006,2023.0,2023.0
4718606006,Valladolid,41.648536,-4.718222,0.02512,1200.0,47770.700636942674,37857.0,17355.0,10.700000000000003,2023.0,2023.0
4718606007,Valladolid,41.648347,-4.716382,0.03492,1610.0,46105.38373424971,32191.0,15698.0,9.200000000000003,2023.0,2023.0
4718606009,Valladolid,41.648285,-4.714434,0.03345,1297.0,38774.28998505232,31502.0,14725.0,10.200000000000003,2023.0,2023.0
4718606010,Valladolid,41.647045,-4.716009,0.02834,1038.0,36626.67607621736,28375.0,14091.0,12.299999999999997,2023.0,2023.0
4718606012,Valladolid,41.647162,-4.712514,0.03252,921.0,28321.0332103321,28164.0,13531.0,9.200000000000003,2023.0,2023.0
4718606013,Valladolid,41.643185,-4.712505,0.01502,1015.0,67576.56458055925,23380.0,10668.0,15.200000000000003,2023.0,2023.0
4718606014,Valladolid,41.645281,-4.708774,0.02749,808.0,29392.506365951256,30767.0,13700.0,5.200000000000003,2023.0,2023.0
4718606015,Valladolid,41.649788,-4.71353,0.01753,849.0,48431.2606959498,29508.0,13863.0,15.400000000000006,2023.0,2023.0
4718606016,Valladolid,41.650656,-4.711551,0.01442,700.0,48543.689320388345,24089.0,11661.0,16.099999999999994,2023.0,2023.0
4718606017,Valladolid,41.649752,-4.715963,0.0186,967.0,51989.24731182796,29507.0,13435.0,21.0,2023.0,2023.0
4718606018,Valladolid,41.650703,-4.714492,0.02926,700.0,23923.444976076553,41587.0,18490.0,5.700000000000003,2023.0,2023.0
4718606019,Valladolid,41.651579,-4.712593,0.03004,964.0,32090.545938748335,23734.0,11260.0,20.299999999999997,2023.0,2023.0
4718606020,Valladolid,41.648112,-4.704744,0.08142,1139.0,13989.191844755587,28394.0,11263.0,6.799999999999997,2023.0,2023.0
4718606021,Valladolid,41.646346,-4.719932,0.01932,790.0,40890.26915113872,38790.0,17600.0,7.599999999999994,2023.0,2023.0
4718606022,Valladolid,41.648641,-4.697374,0.24026,1179.0,4907.18388412553,28897.0,11697.0,3.0999999999999943,2023.0,2023.0
4718606023,Valladolid,41.65012,-4.709395,0.03928,1080.0,27494.908350305497,22486.0,8323.0,18.099999999999994,2023.0,2023.0
4718606024,Valladolid,41.649982,-4.706539,0.06669,1265.0,18968.361073624234,25132.0,10473.0,11.700000000000003,2023.0,2023.0
4718606025,Valladolid,41.647564,-4.707664,0.03878,1199.0,30917.998968540483,26404.0,10451.0,14.799999999999997,2023.0,2023.0
4718606026,Valladolid,41.649095,-4.71009,0.0319,902.0,28275.862068965518,17450.0,5817.0,13.700000000000003,2023.0,2023.0
4718606027,Valladolid,41.648229,-4.711209,0.03127,1486.0,47521.586184841704,25206.0,10616.0,18.0,2023.0,2023.0
4718606028,Valladolid,41.647328,-4.709178,0.02467,824.0,33400.891771382245,23665.0,9969.0,17.0,2023.0,2023.0
4718606029,Valladolid,41.646274,-4.710226,0.03027,801.0,26461.843409316156,27770.0,12366.0,9.5,2023.0,2023.0
4718606030,Valladolid,41.644265,-4.711356,0.06031,980.0,16249.378212568396,26841.0,11495.0,12.099999999999994,2023.0,2023.0
4718606031,Valladolid,41.632408,-4.6793,9.86396,1383.0,140.20738121403573,31903.0,12355.0,4.700000000000003,2023.0,2023.0
4718606032,Valladolid,41.64935,-4.712655,0.02369,893.0,37695.23005487548,34252.0,15773.0,7.200000000000003,2023.0,2023.0
4718606034,Valladolid,41.645137,-4.712782,0.03104,1225.0,39465.20618556701,30510.0,13496.0,10.200000000000003,2023.0,2023.0
4718606036,Valladolid,41.645046,-4.680494,3.10896,2106.0,677.3969430291802,28262.0,10880.0,3.0999999999999943,2023.0,2023.0
4718606037,Valladolid,41.645658,-4.713408,0.01712,670.0,39135.51401869159,30398.0,13693.0,7.200000000000003,2023.0,2023.0
4718606038,Valladolid,41.649845,-4.701542,0.1125,1519.0,13502.222222222223,32702.0,12926.0,5.400000000000006,2023.0,2023.0
4718606039,Valladolid,41.645944,-4.702679,0.11691,1226.0,10486.699170301941,29906.0,12918.0,3.0,2023.0,2023.0
4718607001,Valladolid,41.652433,-4.71977,0.11147,991.0,8890.284381447924,41616.0,20707.0,6.299999999999997,2023.0,2023.0
4718607003,Valladolid,41.649332,-4.719989,0.03039,795.0,26159.921026653505,44538.0,19355.0,8.799999999999997,2023.0,2023.0
4718607004,Valladolid,41.653253,-4.717488,0.0619,1289.0,20823.909531502424,38743.0,18420.0,10.5,2023.0,2023.0
4718607005,Valladolid,41.652032,-4.715523,0.05291,1547.0,29238.32923832924,34384.0,16094.0,9.0,2023.0,2023.0
4718607006,Valladolid,41.654038,-4.71522,0.01728,715.0,41377.31481481482,31220.0,15565.0,14.700000000000003,2023.0,2023.0
4718607007,Valladolid,41.654912,-4.714051,0.03656,872.0,23851.20350109409,31607.0,15014.0,8.700000000000003,2023.0,2023.0
4718607008,Valladolid,41.653266,-4.712975,0.04222,1218.0,28848.88678351492,27750.0,13515.0,16.299999999999997,2023.0,2023.0
4718607010,Valladolid,41.652473,-4.710132,0.03111,692.0,22243.65155898425,32273.0,14061.0,4.5,2023.0,2023.0
4718607011,Valladolid,41.654956,-4.705877,0.22106,1437.0,6500.49760246087,30764.0,14419.0,4.200000000000003,2023.0,2023.0
4718607013,Valladolid,41.651529,-4.708766,0.02813,1250.0,44436.5446142908,27017.0,10820.0,13.099999999999994,2023.0,2023.0
4718607014,Valladolid,41.66075,-4.707271,0.56891,1638.0,2879.190030057478,36342.0,15132.0,4.599999999999994,2023.0,2023.0
4718607015,Valladolid,41.655645,-4.712306,0.0428,690.0,16121.495327102804,30195.0,15528.0,9.599999999999994,2023.0,2023.0
4718607016,Valladolid,41.654291,-4.710189,0.03099,604.0,19490.158115521135,31181.0,14710.0,5.599999999999994,2023.0,2023.0
4718607018,Valladolid,41.650169,-4.717821,0.0343,1022.0,29795.91836734694,46194.0,20943.0,4.299999999999997,2023.0,2023.0
4718607019,Valladolid,41.655159,-4.710748,0.03121,777.0,24895.866709388014,30308.0,14146.0,12.400000000000006,2023.0,2023.0
4718607020,Valladolid,41.654077,-4.709326,0.02913,876.0,30072.09062821833,31973.0,14264.0,8.599999999999994,2023.0,2023.0
4718607021,Valladolid,41.651626,-4.705823,0.03548,1105.0,31144.306651634724,25681.0,10185.0,13.799999999999997,2023.0,2023.0
4718607022,Valladolid,41.667437,-4.674284,14.38392,2242.0,155.8684976000979,34689.0,14876.0,3.4000000000000057,2023.0,2023.0
4718608001,Valladolid,41.657578,-4.720685,0.0271,904.0,33357.9335793358,34953.0,17042.0,8.0,2023.0,2023.0
4718608002,Valladolid,41.65641,-4.717377,0.18361,1065.0,5800.337672240074,29726.0,15162.0,11.5,2023.0,2023.0
4718608004,Valladolid,41.658316,-4.714056,0.10488,1456.0,13882.532418001525,27729.0,14040.0,10.799999999999997,2023.0,2023.0
4718608005,Valladolid,41.658779,-4.718054,0.02805,878.0,31301.24777183601,31355.0,15948.0,7.400000000000006,2023.0,2023.0
4718608006,Valladolid,41.660899,-4.715152,0.06078,1140.0,18756.169792694964,24638.0,12899.0,18.200000000000003,2023.0,2023.0
4718608009,Valladolid,41.659282,-4.723733,0.03905,1532.0,39231.75416133163,26127.0,13334.0,14.5,2023.0,2023.0
4718608012,Valladolid,41.659082,-4.720997,0.0347,992.0,28587.896253602303,33552.0,16131.0,8.0,2023.0,2023.0
4718608013,Valladolid,41.660202,-4.719691,0.02434,1068.0,43878.38948233361,30263.0,14522.0,9.099999999999994,2023.0,2023.0
4718608014,Valladolid,41.66014,-4.722025,0.0222,967.0,43558.55855855856,27635.0,13164.0,9.700000000000003,2023.0,2023.0
4718608015,Valladolid,41.660733,-4.722899,0.01328,1451.0,109262.04819277108,26485.0,12124.0,12.400000000000006,2023.0,2023.0
4718608016,Valladolid,41.661078,-4.723603,0.01415,659.0,46572.438162544175,23775.0,10984.0,9.700000000000003,2021.0,2021.0
4718608017,Valladolid,41.661601,-4.721666,0.02329,1095.0,47015.88664662945,27164.0,12181.0,14.099999999999994,2023.0,2023.0
4718608018,Valladolid,41.661453,-4.724346,0.01754,1028.0,58608.893956670465,24791.0,11804.0,13.0,2023.0,2023.0
4718608020,Valladolid,41.660074,-4.726396,0.04461,632.0,14167.227079130242,26144.0,13432.0,11.099999999999994,2023.0,2023.0
4718608021,Valladolid,41.661845,-4.72512,0.01731,1090.0,62969.38186019642,25496.0,12214.0,12.700000000000003,2023.0,2023.0
4718608023,Valladolid,41.662747,-4.723476,0.01384,954.0,68930.6358381503,25735.0,11742.0,11.5,2023.0,2023.0
4718608024,Valladolid,41.663193,-4.726841,0.24808,1021.0,4115.607868429539,34006.0,16380.0,3.5999999999999943,2023.0,2023.0
4718608025,Valladolid,41.660948,-4.718377,0.02112,826.0,39109.84848484849,31896.0,15494.0,6.900000000000006,2023.0,2023.0
4718608026,Valladolid,41.662643,-4.721326,0.01634,1164.0,71236.23011015911,26262.0,10895.0,14.400000000000006,2023.0,2023.0
4718608027,Valladolid,41.662969,-4.719553,0.0161,1032.0,64099.37888198758,26383.0,11207.0,17.200000000000003,2023.0,2023.0
4718608028,Valladolid,41.662844,-4.717057,0.07457,1751.0,23481.292745071747,29295.0,14292.0,7.099999999999994,2023.0,2023.0
4718608030,Valladolid,41.663336,-4.722815,0.01153,705.0,61144.8395490026,26973.0,11671.0,14.0,2023.0,2023.0
4718608031,Valladolid,41.665752,-4.720054,0.24495,1601.0,6536.027760767503,30584.0,13009.0,7.599999999999994,2023.0,2023.0
4718608032,Valladolid,41.665147,-4.714438,0.1081,945.0,8741.905642923219,27214.0,11590.0,7.099999999999994,2023.0,2023.0
4718608033,Valladolid,41.667488,-4.713226,0.11027,781.0,7082.615398567153,26300.0,10634.0,5.599999999999994,2023.0,2023.0
4718608034,Valladolid,41.669325,-4.714208,0.20589,701.0,3404.7306814318326,24693.0,10292.0,2.4000000000000057,2023.0,2023.0
4718608035,Valladolid,41.664486,-4.710196,0.31725,1851.0,5834.515366430261,36434.0,16241.0,1.5,2023.0,2023.0
4718608036,Valladolid,41.677656,-4.703763,2.75068,1220.0,443.52669158171796,31841.0,13490.0,3.799999999999997,2023.0,2023.0
4718608037,Valladolid,41.659972,-4.717046,0.02753,1253.0,45513.98474391573,31849.0,15569.0,6.5,2023.0,2023.0
4718608038,Valladolid,41.661782,-4.719673,0.0212,884.0,41698.11320754717,31777.0,14362.0,9.299999999999997,2023.0,2023.0
4718608039,Valladolid,41.663877,-4.722203,0.01157,622.0,53759.72342264477,26560.0,12888.0,6.400000000000006,2023.0,2023.0
4718609001,Valladolid,41.654265,-4.727775,0.02862,716.0,25017.470300489167,51863.0,24350.0,3.0999999999999943,2023.0,2023.0
4718609002,Valladolid,41.655284,-4.731381,0.16966,1181.0,6960.98078509961,48175.0,22539.0,4.0,2023.0,2023.0
4718609003,Valladolid,41.656028,-4.727187,0.04481,799.0,17830.841330060255,47763.0,22402.0,2.5999999999999943,2023.0,2023.0
4718609004,Valladolid,41.655138,-4.725386,0.05138,1319.0,25671.467497080575,49063.0,21975.0,3.5999999999999943,2023.0,2023.0
4718609006,Valladolid,41.655077,-4.720793,0.02187,889.0,40649.291266575216,35585.0,16920.0,6.900000000000006,2023.0,2023.0
4718609007,Valladolid,41.656814,-4.72324,0.1192,1870.0,15687.919463087248,44276.0,20009.0,5.599999999999994,2023.0,2023.0
4718609009,Valladolid,41.658007,-4.73175,0.1015,1167.0,11497.536945812808,50305.0,24080.0,2.4000000000000057,2023.0,2023.0
4718609010,Valladolid,41.659794,-4.730413,0.05829,831.0,14256.304683479155,36464.0,18098.0,4.700000000000003,2023.0,2023.0
4718609011,Valladolid,41.658142,-4.727384,0.07208,1603.0,22239.17869034406,33273.0,16427.0,10.400000000000006,2023.0,2023.0
4718610001,Valladolid,41.674707,-4.719112,2.77087,1776.0,640.9539242187471,40580.0,17177.0,6.299999999999997,2023.0,2023.0
4718610002,Valladolid,41.662249,-4.733438,0.01945,863.0,44370.17994858612,29717.0,13600.0,9.400000000000006,2023.0,2023.0
4718610003,Valladolid,41.66168,-4.734583,0.03368,849.0,25207.838479809976,29431.0,14505.0,5.900000000000006,2023.0,2023.0
4718610004,Valladolid,41.661336,-4.736243,0.0194,781.0,40257.73195876289,33021.0,14789.0,6.0,2023.0,2023.0
4718610005,Valladolid,41.664488,-4.736122,0.05133,1486.0,28949.93181375414,31923.0,14444.0,3.4000000000000057,2023.0,2023.0
4718610006,Valladolid,41.670994,-4.745118,4.5053,1196.0,265.46511886000934,33491.0,14759.0,3.4000000000000057,2023.0,2023.0
4718610007,Valladolid,41.657913,-4.745039,0.26558,1663.0,6261.7666992996465,44519.0,19025.0,2.200000000000003,2023.0,2023.0
4718610008,Valladolid,41.654849,-4.755377,1.74875,1585.0,906.361686919228,39947.0,16638.0,1.5999999999999943,2023.0,2023.0
4718610009,Valladolid,41.653335,-4.741297,0.07263,947.0,13038.689246867685,31284.0,14446.0,4.299999999999997,2023.0,2023.0
4718610010,Valladolid,41.656355,-4.73506,0.11553,989.0,8560.547044057821,49642.0,22786.0,3.700000000000003,2023.0,2023.0
4718610011,Valladolid,41.649009,-4.736365,0.20015,889.0,4441.668748438671,62579.0,25184.0,1.0999999999999943,2023.0,2023.0
4718610013,Valladolid,41.652504,-4.739211,0.04924,951.0,19313.566206336312,40180.0,18310.0,3.4000000000000057,2023.0,2023.0
4718610014,Valladolid,41.662644,-4.738253,0.10462,1370.0,13095.010514242018,34253.0,15207.0,2.299999999999997,2023.0,2023.0
4718610015,Valladolid,41.66268,-4.735694,0.01842,893.0,48479.9131378936,25823.0,12125.0,6.200000000000003,2023.0,2023.0
4718610016,Valladolid,41.66623,-4.736943,0.05756,739.0,12838.776928422516,32244.0,14963.0,3.4000000000000057,2023.0,2023.0
4718610017,Valladolid,41.649004,-4.739322,0.05643,949.0,16817.295764664184,23627.0,9209.0,4.0,2023.0,2023.0
4718610018,Valladolid,41.651123,-4.742539,0.09844,1156.0,11743.193823648924,41015.0,18990.0,1.5,2023.0,2023.0
4718610019,Valladolid,41.64368,-4.742462,0.08509,1127.0,13244.799623927605,24851.0,11060.0,5.400000000000006,2023.0,2023.0
4718610020,Valladolid,41.652273,-4.736663,0.07847,941.0,11991.844016821715,51969.0,21867.0,3.5999999999999943,2023.0,2023.0
4718610021,Valladolid,41.631158,-4.751547,0.08011,1117.0,13943.327924104356,43595.0,18813.0,4.700000000000003,2023.0,2023.0
4718610022,Valladolid,41.63056,-4.748935,0.15167,1232.0,8122.89839783741,23242.0,8709.0,3.5999999999999943,2023.0,2023.0
4718610024,Valladolid,41.640753,-4.754002,0.60817,1394.0,2292.1222684446784,39522.0,16330.0,3.299999999999997,2023.0,2023.0
4718610025,Valladolid,41.645605,-4.740009,0.08033,780.0,9709.946470807918,32137.0,15011.0,5.900000000000006,2023.0,2023.0
4718610026,Valladolid,41.664029,-4.733546,0.02747,970.0,35311.248634874406,32089.0,14243.0,8.400000000000006,2023.0,2023.0
4718610027,Valladolid,41.636216,-4.755212,0.0432,938.0,21712.962962962964,36614.0,16150.0,5.099999999999994,2023.0,2023.0
4718610028,Valladolid,41.634135,-4.754869,0.02034,745.0,36627.33529990167,39147.0,17147.0,1.2999999999999972,2023.0,2023.0
4718610029,Valladolid,41.637159,-4.752062,0.08686,1709.0,19675.33962698595,52083.0,21065.0,2.9000000000000057,2023.0,2023.0
4718610030,Valladolid,41.631252,-4.765545,1.55356,2242.0,1443.1370529622286,58998.0,21883.0,3.0,2023.0,2023.0
4718610031,Valladolid,41.630684,-4.745225,0.12452,666.0,5348.538387407645,25903.0,9771.0,3.0,2023.0,2023.0
4718610032,Valladolid,41.659755,-4.73778,0.13679,934.0,6827.984501791067,40355.0,18699.0,2.0,2023.0,2023.0
4718610033,Valladolid,41.656454,-4.738658,0.21429,1254.0,5851.882962340753,36371.0,16126.0,4.099999999999994,2023.0,2023.0
4718610034,Valladolid,41.649694,-4.744818,0.14754,961.0,6513.487867696896,44867.0,20882.0,2.5999999999999943,2023.0,2023.0
4718610035,Valladolid,41.658792,-4.741888,0.07404,1283.0,17328.471096704485,44208.0,19001.0,3.4000000000000057,2023.0,2023.0
4718610036,Valladolid,41.653729,-4.743018,0.04385,877.0,20000.0,27260.0,11522.0,3.299999999999997,2023.0,2023.0
4718610037,Valladolid,41.632161,-4.755056,0.12734,1687.0,13247.997487042563,40853.0,17174.0,3.4000000000000057,2023.0,2023.0
4718610038,Valladolid,41.632929,-4.758483,0.04444,1299.0,29230.42304230423,41441.0,16300.0,4.099999999999994,2023.0,2023.0
4718610039,Valladolid,41.637009,-4.75665,0.05526,1232.0,22294.607310893956,40356.0,16400.0,5.400000000000006,2023.0,2023.0
4718610040,Valladolid,41.634633,-4.758484,0.04288,1391.0,32439.36567164179,51291.0,19909.0,1.5999999999999943,2023.0,2023.0
4718610041,Valladolid,41.635587,-4.750519,0.24699,910.0,3684.359690675736,41301.0,16219.0,2.9000000000000057,2023.0,2023.0
4718610042,Valladolid,41.638223,-4.760468,0.07947,1836.0,23103.057757644394,49156.0,18925.0,3.700000000000003,2023.0,2023.0
4718610043,Valladolid,41.636661,-4.759841,0.06646,1800.0,27083.96027685826,43084.0,17651.0,3.9000000000000057,2023.0,2023.0
4718610044,Valladolid,41.637223,-4.763882,0.03246,1399.0,43099.19901417128,41314.0,17375.0,5.599999999999994,2023.0,2023.0
4718610045,Valladolid,41.636196,-4.761184,0.03108,1478.0,47554.69755469755,39593.0,16537.0,4.299999999999997,2023.0,2023.0
4718610046,Valladolid,41.668318,-4.733108,0.2574,1607.0,6243.2012432012425,41448.0,16065.0,1.5,2023.0,2023.0
4718610047,Valladolid,41.67142,-4.730567,0.04324,1562.0,36123.95929694727,37869.0,15201.0,1.2000000000000028,2023.0,2023.0
4718610048,Valladolid,41.640512,-4.764372,0.22873,878.0,3838.586980282429,76883.0,24624.0,2.5,2023.0,2023.0
4718610049,Valladolid,41.635852,-4.745567,0.30027,1290.0,4296.133479868119,56107.0,23206.0,3.9000000000000057,2023.0,2023.0
4718610050,Valladolid,41.637741,-4.767755,0.1558,1514.0,9717.586649550707,45740.0,18108.0,3.0999999999999943,2023.0,2023.0
4718610051,Valladolid,41.636212,-4.766988,0.03694,1656.0,44829.45316729832,50118.0,18227.0,3.9000000000000057,2023.0,2023.0
4718610052,Valladolid,41.6469,-4.744059,0.16424,2127.0,12950.56015586946,45867.0,18585.0,1.4000000000000057,2023.0,2023.0
4718610053,Valladolid,41.646861,-4.756826,0.78738,1144.0,1452.919810002794,51370.0,21719.0,2.0,2023.0,2023.0
4718610054,Valladolid,41.635507,-4.76228,0.03712,1253.0,33755.387931034486,48910.0,18346.0,3.200000000000003,2023.0,2023.0
4718610055,Valladolid,41.643535,-4.746393,0.17184,1423.0,8280.959031657356,42239.0,18842.0,1.5,2023.0,2023.0
4718610056,Valladolid,41.645249,-4.750008,0.2003,2129.0,10629.056415376934,46306.0,20001.0,2.0,2023.0,2023.0
4718611001,Valladolid,41.64042,-4.736061,0.02864,1225.0,42772.34636871509,38574.0,18701.0,8.700000000000003,2023.0,2023.0
4718611002,Valladolid,41.639264,-4.736856,0.03322,762.0,22937.989163154725,36136.0,17803.0,6.200000000000003,2023.0,2023.0
4718611003,Valladolid,41.638116,-4.736199,0.03501,1447.0,41331.04827192231,42316.0,19224.0,7.400000000000006,2023.0,2023.0
4718611004,Valladolid,41.637414,-4.736518,0.02745,777.0,28306.01092896175,39332.0,19513.0,6.0,2023.0,2023.0
4718611005,Valladolid,41.636154,-4.736678,0.06584,1355.0,20580.19441069259,28764.0,14414.0,9.700000000000003,2023.0,2023.0
4718611006,Valladolid,41.635891,-4.738454,0.02446,908.0,37121.831561733445,40506.0,17360.0,9.400000000000006,2023.0,2023.0
4718611007,Valladolid,41.633662,-4.739309,0.04233,1331.0,31443.42074179069,33366.0,15732.0,8.0,2023.0,2023.0
4718611008,Valladolid,41.634281,-4.7378,0.02293,1074.0,46838.20322721326,29118.0,13138.0,16.5,2023.0,2023.0
4718611009,Valladolid,41.636258,-4.741677,0.04121,748.0,18150.934239262315,32621.0,15008.0,8.599999999999994,2023.0,2023.0
4718611010,Valladolid,41.63441,-4.741209,0.08222,1391.0,16918.02481148139,31351.0,14057.0,13.0,2023.0,2023.0
4718611012,Valladolid,41.632121,-4.741932,0.04376,1502.0,34323.5831809872,31040.0,13601.0,11.0,2023.0,2023.0
4718611013,Valladolid,41.630191,-4.742634,0.04369,655.0,14991.989013504235,27184.0,11823.0,10.299999999999997,2021.0,2021.0
4718611014,Valladolid,41.64006,-4.738755,0.02118,909.0,42917.84702549575,39130.0,18586.0,5.900000000000006,2023.0,2023.0
4718611015,Valladolid,41.638787,-4.741281,0.15675,1445.0,9218.500797448165,49653.0,22541.0,3.0,2023.0,2023.0
4718611016,Valladolid,41.640113,-4.733065,0.05064,1086.0,21445.497630331756,45681.0,20368.0,3.5999999999999943,2023.0,2023.0
4718611017,Valladolid,41.632533,-4.737338,0.09456,1233.0,13039.340101522843,39078.0,17085.0,6.400000000000006,2023.0,2023.0
4718611018,Valladolid,41.622353,-4.74085,0.0536,1102.0,20559.70149253731,32664.0,14926.0,5.299999999999997,2023.0,2023.0
4718611019,Valladolid,41.627186,-4.740857,0.01988,909.0,45724.34607645876,28614.0,13290.0,9.700000000000003,2023.0,2023.0
4718611020,Valladolid,41.628411,-4.741056,0.03658,1360.0,37178.78622197922,29523.0,13180.0,7.799999999999997,2023.0,2023.0
4718611021,Valladolid,41.622288,-4.755242,0.42247,1301.0,3079.508604161242,46815.0,19167.0,3.4000000000000057,2023.0,2023.0
4718611022,Valladolid,41.625412,-4.741266,0.01302,864.0,66359.44700460829,26193.0,11917.0,11.200000000000003,2023.0,2023.0
4718611025,Valladolid,41.626072,-4.739849,0.03745,1655.0,44192.256341789056,35897.0,15325.0,4.599999999999994,2023.0,2023.0
4718611026,Valladolid,41.624645,-4.744088,0.27721,1717.0,6193.860250351719,42722.0,18069.0,5.700000000000003,2023.0,2023.0
4718611027,Valladolid,41.623591,-4.741369,0.01668,695.0,41666.666666666664,30616.0,13706.0,7.299999999999997,2023.0,2023.0
4718611028,Valladolid,41.637954,-4.732327,0.10501,1050.0,9999.047709741928,36830.0,16911.0,6.099999999999994,2023.0,2023.0
4718611029,Valladolid,41.639155,-4.734852,0.01951,720.0,36904.15171706817,35993.0,16154.0,6.200000000000003,2023.0,2023.0
4718611031,Valladolid,41.609833,-4.748797,0.33769,2247.0,6654.031804317569,53820.0,19878.0,1.7999999999999972,2023.0,2023.0
4718611032,Valladolid,41.613394,-4.752771,0.24438,2044.0,8364.023242491203,56914.0,21851.0,2.700000000000003,2023.0,2023.0
4718611033,Valladolid,41.620466,-4.746579,0.21166,1599.0,7554.568647831428,39295.0,15639.0,2.700000000000003,2023.0,2023.0
4718611034,Valladolid,41.617728,-4.750503,0.12174,1532.0,12584.195827172663,35802.0,14392.0,3.200000000000003,2023.0,2023.0
4718611035,Valladolid,41.616792,-4.747696,0.13408,1370.0,10217.780429594271,42058.0,17720.0,3.9000000000000057,2023.0,2023.0
4718611036,Valladolid,41.6262,-4.7506,0.53993,2296.0,4252.4030892893525,47610.0,19984.0,3.5999999999999943,2023.0,2023.0
4718611037,Valladolid,41.609734,-4.755485,0.17589,1608.0,9142.077434760362,50738.0,19532.0,3.299999999999997,2023.0,2023.0
4718611038,Valladolid,41.615622,-4.744784,0.25688,2111.0,8217.844908128309,52766.0,19615.0,1.7000000000000028,2023.0,2023.0
4718611039,Valladolid,41.618432,-4.766552,0.78566,1372.0,1746.302471807143,63669.0,22988.0,1.2000000000000028,2023.0,2023.0
4718611040,Valladolid,41.629523,-4.73916,0.1021,882.0,8638.589618021548,41738.0,17161.0,2.799999999999997,2023.0,2023.0
4718611041,Valladolid,41.61298,-4.762844,0.98952,2060.0,2081.817446842914,68921.0,23097.0,1.7999999999999972,2023.0,2023.0
4718611042,Valladolid,41.618671,-4.734465,3.83453,2272.0,592.5106857946084,39745.0,18538.0,4.700000000000003,2023.0,2023.0
4718611043,Valladolid,41.618161,-4.756331,0.19381,1638.0,8451.57628605335,56989.0,19359.0,3.5999999999999943,2023.0,2023.0
4718612001,Valladolid,41.747393,-4.852681,62.09802,1035.0,16.66719808457661,35341.0,13991.0,3.0,2023.0,2023.0
4718612002,Valladolid,41.588279,-4.765605,20.06633,885.0,44.10372997952291,66648.0,22191.0,2.4000000000000057,2023.0,2023.0
4718612004,Valladolid,41.682209,-4.765842,12.87313,1661.0,129.02844918058003,72735.0,24863.0,2.200000000000003,2023.0,2023.0
4723101001,Zaratán,41.663359,-4.815379,5.50011,1974.0,358.9019128708335,38163.0,14772.0,4.799999999999997,2023.0,2023.0
4723101003,Zaratán,41.666199,-4.791839,3.24394,1504.0,463.6337293538105,32868.0,14004.0,3.9000000000000057,2023.0,2023.0
4723101004,Zaratán,41.648689,-4.775403,4.71959,1323.0,280.32096008339704,46457.0,16011.0,2.9000000000000057,2023.0,2023.0
